{"count":1,"self":22.3370848,"total":52.801264499999995,"children":{"AgentSendState":{"count":15101,"self":0.1469291,"total":1.5428148,"children":{"CollectObservations":{"count":1511,"self":0.0246334,"total":0.0246334,"children":null},"CollectDiscreteActionMasks":{"count":1511,"self":0.0037159,"total":0.0037159,"children":null},"AgentInfo.ToProto":{"count":1511,"self":0.029590199999999997,"total":1.3675363999999999,"children":{"GenerateSensorData":{"count":1511,"self":1.0715465,"total":1.3379462,"children":{"RayPerceptionSensor.Perceive":{"count":3022,"self":0.26639969999999996,"total":0.26639969999999996,"children":null}}}}}}},"DecideAction":{"count":15101,"self":16.5849792,"total":16.5849793,"children":null},"AgentAct":{"count":15101,"self":12.314329599999999,"total":12.314329899999999,"children":null},"AgentInfo.ToProto":{"count":18,"self":0,"total":0.020059999999999998,"children":{"GenerateSensorData":{"count":18,"self":0.018065499999999998,"total":0.020059999999999998,"children":{"RayPerceptionSensor.Perceive":{"count":36,"self":0.0019944999999999997,"total":0.0019944999999999997,"children":null}}}}}},"gauges":{"DeliveryCarBehavior.CumulativeReward":{"count":18,"max":-0.08080191,"min":-0.450006276,"runningAverage":-0.166857168,"value":-0.185801834,"weightedAverage":-0.1931698}},"metadata":{"timer_format_version":"0.1.0","start_time_seconds":"1623910277","unity_version":"2019.4.20f1","command_line_arguments":"C:\\Program Files\\Unity\\Hub\\Editor\\2019.4.20f1\\Editor\\Unity.exe -projectpath D:\/Projects\/Personal\/UNI\/iaa\/UnityMLEssentials -useHub -hubIPC -cloudEnvironment production -hubSessionId b57f79b0-cea8-11eb-bd39-0d41cc54d2f4 -accessToken LhYNk2q7H-e4mshVEvhoZ-QXIL5az0y-cb7mf6WiViw004f","communication_protocol_version":"1.0.0","com.unity.ml-agents_version":"1.0.2","scene_name":"ParkingLotTraining","end_time_seconds":"1623910329"}}